ID,time
d56d65a8-d561-11ee-9c30-0ff381413095,2024-02-27 16:17:46.431946
7dc26b04-d562-11ee-9c30-0ff381413095,2024-02-27 16:22:28.846067
7df26c28-d562-11ee-9c30-0ff381413095,2024-02-27 16:22:29.161188
7e01ffd0-d562-11ee-9c30-0ff381413095,2024-02-27 16:22:29.263322
7e17e9f8-d562-11ee-9c30-0ff381413095,2024-02-27 16:22:29.406888
7e30e840-d562-11ee-9c30-0ff381413095,2024-02-27 16:22:29.570651
7e4b8dee-d562-11ee-9c30-0ff381413095,2024-02-27 16:22:29.744410
7e610b4c-d562-11ee-9c30-0ff381413095,2024-02-27 16:22:29.886205
7e79067a-d562-11ee-9c30-0ff381413095,2024-02-27 16:22:30.043350
7e8d1304-d562-11ee-9c30-0ff381413095,2024-02-27 16:22:30.174791
7ea5d786-d562-11ee-9c30-0ff381413095,2024-02-27 16:22:30.337076
7ec893ca-d562-11ee-9c30-0ff381413095,2024-02-27 16:22:30.564571
7ed568c0-d562-11ee-9c30-0ff381413095,2024-02-27 16:22:30.648604
7ef5863c-d562-11ee-9c30-0ff381413095,2024-02-27 16:22:30.859366
7f0234ea-d562-11ee-9c30-0ff381413095,2024-02-27 16:22:30.942464
7f1ffcbe-d562-11ee-9c30-0ff381413095,2024-02-27 16:22:31.137585
7f2f8206-d562-11ee-9c30-0ff381413095,2024-02-27 16:22:31.239255
7f4e2cf6-d562-11ee-9c30-0ff381413095,2024-02-27 16:22:31.440240
7f5f6e80-d562-11ee-9c30-0ff381413095,2024-02-27 16:22:31.553441
7f7ba5dc-d562-11ee-9c30-0ff381413095,2024-02-27 16:22:31.738188
7f911958-d562-11ee-9c30-0ff381413095,2024-02-27 16:22:31.878743
7fb16e92-d562-11ee-9c30-0ff381413095,2024-02-27 16:22:32.090701
903d0352-d562-11ee-9c30-0ff381413095,2024-02-27 16:22:59.849110
9070898e-d562-11ee-9c30-0ff381413095,2024-02-27 16:23:00.186525
908711ae-d562-11ee-9c30-0ff381413095,2024-02-27 16:23:00.334295
90a28bb4-d562-11ee-9c30-0ff381413095,2024-02-27 16:23:00.514481
90c0cad4-d562-11ee-9c30-0ff381413095,2024-02-27 16:23:00.712609
89ab8a5e-d5a3-11ee-8a8b-8851fb72e208,2024-02-28 00:08:06.114469
15499f44-d606-11ee-b155-8851fb72e208,2024-02-28 11:53:31.033842
fa92bd74-dd02-11ee-93f5-8851fb72e208,
fd0780a8-e06c-11ee-bef0-d85ed31cba42,
fd5e3e88-e06c-11ee-8b96-d85ed31cba42,
6d99e2c3-e06d-11ee-8523-d85ed31cba42,
6ddb05b8-e06d-11ee-9d0d-d85ed31cba42,
768e3f2d-e06d-11ee-bad2-d85ed31cba42,
76e4d137-e06d-11ee-a277-d85ed31cba42,
e1afbc54-e092-11ee-a2b2-d85ed31cba42,
eb53d48d-e092-11ee-b380-d85ed31cba42,
f537028e-e092-11ee-ad9c-d85ed31cba42,
f539e6bf-e092-11ee-adfc-d85ed31cba42,
0db20887-e093-11ee-8d87-d85ed31cba42,
e9f08ea8-e093-11ee-80da-d85ed31cba42,
e9f361d0-e093-11ee-a689-d85ed31cba42,
fe0c600f-e093-11ee-85be-d85ed31cba42,
093347d3-e094-11ee-bbc2-d85ed31cba42,
24918481-e094-11ee-9e52-d85ed31cba42,
2894d027-e094-11ee-811c-d85ed31cba42,
57754324-e094-11ee-8a3a-d85ed31cba42,
577873e5-e094-11ee-9266-d85ed31cba42,
978157f0-e094-11ee-af2f-d85ed31cba42,
9783a09d-e094-11ee-99d9-d85ed31cba42,
b4e7c0b6-e096-11ee-935e-d85ed31cba42,
b4ea300a-e096-11ee-923c-d85ed31cba42,
f6b41976-e096-11ee-9e46-d85ed31cba42,
f6b7c074-e096-11ee-9a1c-d85ed31cba42,
2fcc241b-e097-11ee-80e9-d85ed31cba42,
2fceba6a-e097-11ee-a0ef-d85ed31cba42,
630026ee-e097-11ee-87c6-d85ed31cba42,
6302963d-e097-11ee-a83f-d85ed31cba42,
c50d23d7-e097-11ee-a8bc-d85ed31cba42,
c50f92a0-e097-11ee-a994-d85ed31cba42,
6d0d045d-e098-11ee-9832-d85ed31cba42,
6d0f73ae-e098-11ee-935f-d85ed31cba42,
78d9604f-e098-11ee-97dc-d85ed31cba42,
78dbf697-e098-11ee-a824-d85ed31cba42,
83f10f86-e098-11ee-a464-d85ed31cba42,
83f358be-e098-11ee-938c-d85ed31cba42,
a4c7254c-e098-11ee-939d-d85ed31cba42,
a4c96c83-e098-11ee-a4c9-d85ed31cba42,
a5f33bab-e098-11ee-8204-d85ed31cba42,
a5f582fc-e098-11ee-b3a4-d85ed31cba42,
1f094004-e099-11ee-9d85-d85ed31cba42,
1f0b617b-e099-11ee-bcfe-d85ed31cba42,
7c05a3d8-e099-11ee-b89f-d85ed31cba42,
7c07ec43-e099-11ee-b669-d85ed31cba42,
57f25d38-e09a-11ee-af1b-d85ed31cba42,
57f4f496-e09a-11ee-ba67-d85ed31cba42,
2ec09205-e09b-11ee-851d-d85ed31cba42,
2ec2da72-e09b-11ee-b2e2-d85ed31cba42,
a8694003-e09b-11ee-ac5d-d85ed31cba42,
a86b6178-e09b-11ee-a903-d85ed31cba42,
184ce3cd-e09c-11ee-8585-d85ed31cba42,
263e6eb8-e09c-11ee-bb33-d85ed31cba42,
26410505-e09c-11ee-b477-d85ed31cba42,
3884a7c8-e09c-11ee-8fd3-d85ed31cba42,
38876509-e09c-11ee-b981-d85ed31cba42,
8901cc6e-e09c-11ee-b3db-d85ed31cba42,
89043bc4-e09c-11ee-83b3-d85ed31cba42,
a727eb11-e09c-11ee-a7f3-d85ed31cba42,
a72a813a-e09c-11ee-8e36-d85ed31cba42,
3efd48d2-e09d-11ee-8146-d85ed31cba42,
3f00a646-e09d-11ee-bf61-d85ed31cba42,
c717e72c-e09f-11ee-8127-d85ed31cba42,
c71993a9-e09f-11ee-80f0-d85ed31cba42,
c7933691-e09f-11ee-9501-d85ed31cba42,
c7946d22-e09f-11ee-84cc-d85ed31cba42,
c7f4239f-e09f-11ee-8f22-d85ed31cba42,
c7f66c09-e09f-11ee-bffc-d85ed31cba42,
736c9634-e0a0-11ee-a845-d85ed31cba42,
73aa8534-e0a0-11ee-9ff9-d85ed31cba42,
73c991d6-e0a0-11ee-8a21-d85ed31cba42,
73caf07b-e0a0-11ee-8e76-d85ed31cba42,
742e470b-e0a0-11ee-8a7a-d85ed31cba42,
742fa5ae-e0a0-11ee-9936-d85ed31cba42,
2ebce6a4-e0a1-11ee-8552-d85ed31cba42,
2ebe1e51-e0a1-11ee-be9b-d85ed31cba42,
2f37f4a7-e0a1-11ee-8f5a-d85ed31cba42,
2f395344-e0a1-11ee-9212-d85ed31cba42,
2f8a7a70-e0a1-11ee-b473-d85ed31cba42,
2f8b643b-e0a1-11ee-b108-d85ed31cba42,
8adeefe7-e0a1-11ee-994b-d85ed31cba42,
8ae000a0-e0a1-11ee-96f2-d85ed31cba42,
8b2052f8-e0a1-11ee-827a-d85ed31cba42,
8b213cbe-e0a1-11ee-a3e5-d85ed31cba42,
8fa54a47-e0a1-11ee-8ca9-d85ed31cba42,
8fa6f6c2-e0a1-11ee-9ea0-d85ed31cba42,
8feea425-e0a1-11ee-9331-d85ed31cba42,
8ff2990a-e0a1-11ee-bbc6-d85ed31cba42,
903a9452-e0a1-11ee-b668-d85ed31cba42,
903bf315-e0a1-11ee-b697-d85ed31cba42,
c56f7f63-e0a2-11ee-9d04-d85ed31cba42,
c570b707-e0a2-11ee-83c2-d85ed31cba42,
f872a6a5-e0a2-11ee-af7c-d85ed31cba42,
f873de56-e0a2-11ee-ab5b-d85ed31cba42,
fb4047c5-e0a2-11ee-a37c-d85ed31cba42,
fb415880-e0a2-11ee-9f9e-d85ed31cba42,
